{"cameraMode":{"drawMode":0,"name":"Shaded","section":"Shading Mode"},"sceneLighting":true,"audioPlay":false,"sceneViewState":{"showFog":true,"showMaterialUpdate":true,"showSkybox":true,"showFlares":true,"showImageEffects":true,"showParticleSystems":true},"in2DMode":false,"pivot":{"x":2.8372440338134767,"y":0.9417766332626343,"z":0.5602600574493408},"rotation":{"x":-0.03536131605505943,"y":0.942230224609375,"z":-0.10530397295951843,"w":-0.31610774993896487},"size":4.9145612716674809,"orthographic":false}