{"cameraMode":{"drawMode":0,"name":"Shaded","section":"Shading Mode"},"sceneLighting":false,"audioPlay":false,"sceneViewState":{"showFog":true,"showMaterialUpdate":true,"showSkybox":false,"showFlares":true,"showImageEffects":true,"showParticleSystems":true},"in2DMode":false,"pivot":{"x":-0.047623276710510257,"y":0.7576587200164795,"z":0.049924373626708987},"rotation":{"x":-0.04274863004684448,"y":0.9558388590812683,"z":-0.17720285058021546,"w":-0.23056766390800477},"size":4.661649227142334,"orthographic":false}